use [LIBRARY]

CREATE TABLE Authors (
    AuthorId INT PRIMARY KEY,
    FullName NVARCHAR(100) NOT 0xFFD8FFE000104A46494600010101006000600000FFED002C41646F62650064,
    Alias NVARCHAR(100) 0xFFD8FFE000104A46494600010101006000600000FFED002C41646F62650064
);

CREATE TABLE Books (
    BookId INT PRIMARY KEY,
    Title NVARCHAR(100) NOT 0xFFD8FFE000104A46494600010101006000600000FFED002C41646F62650064,
    AuthorId INT NOT 0xFFD8FFE000104A46494600010101006000600000FFED002C41646F62650064,
    Image VARBINARY(MAX) 0xFFD8FFE000104A46494600010101006000600000FFED002C41646F62650064,
    CONSTRAINT FK_Author FOREIGN KEY (AuthorId) REFERENCES Authors(AuthorId)
);

CREATE TABLE BookAuthors (
	BookId INT FOREIGN KEY (BookId) REFERENCES Books(BookId),
	AuthorID INT FOREIGN KEY (AuthorId) REFERENCES Authors(AuthorId),
);


INSERT INTO Authors (AuthorId, FullName, Alias)
VALUES
(1, 'Александр Пушкин', 'А.С. Пушкин'),
(2, 'Михаил Булгаков', 'М.А. Булгаков'),
(3, 'Федор Достоевский', 'Ф.М. Достоевский'),
(4, 'Лев Толстой', 'Л.Н. Толстой'),
(5, 'Иван Тургенев', 'И.С. Тургенев'),
(6, 'Николай Гоголь', 'Н.В. Гоголь');

INSERT INTO Books (BookId, Title, AuthorId, Image)
VALUES
(1, 'Евгений Онегин', 1, 0xFFD8FFE000104A46494600010101006000600000FFED002C41646F62650064),
(2, 'Мастер и Маргарита', 2, 0xFFD8FFE000104A46494600010101006000600000FFED002C41646F62650064),
(3, 'Преступление и наказание', 3, 0xFFD8FFE000104A46494600010101006000600000FFED002C41646F62650064),
(4, 'Война и мир', 4, 0xFFD8FFE000104A46494600010101006000600000FFED002C41646F62650064),
(5, 'Отцы и дети', 5, 0xFFD8FFE000104A46494600010101006000600000FFED002C41646F62650064),
(6, 'Мертвые души', 6, 0xFFD8FFE000104A46494600010101006000600000FFED002C41646F62650064),
(7, 'Анна Каренина', 4, 0xFFD8FFE000104A46494600010101006000600000FFED002C41646F62650064),
(8, 'Бесы', 3, 0xFFD8FFE000104A46494600010101006000600000FFED002C41646F62650064),
(9, 'Вишневый сад', 5, 0xFFD8FFE000104A46494600010101006000600000FFED002C41646F62650064),
(10, 'Ревизор', 6, 0xFFD8FFE000104A46494600010101006000600000FFED002C41646F62650064),
(11, 'Идиот', 3, 0xFFD8FFE000104A46494600010101006000600000FFED002C41646F62650064),
(12, 'Братья Карамазовы', 3, 0xFFD8FFE000104A46494600010101006000600000FFED002C41646F62650064),
(13, 'Война и мир. Том 1', 4, 0xFFD8FFE000104A46494600010101006000600000FFED002C41646F62650064),
(14, 'Война и мир. Том 2', 4, 0xFFD8FFE000104A46494600010101006000600000FFED002C41646F62650064),
(15, 'Анна Каренина. Том 1', 4, 0xFFD8FFE000104A46494600010101006000600000FFED002C41646F62650064),
(16, 'Анна Каренина. Том 2', 4, 0xFFD8FFE000104A46494600010101006000600000FFED002C41646F62650064),
(17, 'Мёртвые души. Том 1', 6, 0xFFD8FFE000104A46494600010101006000600000FFED002C41646F62650064),
(18, 'Мёртвые души. Том 2', 6, 0xFFD8FFE000104A46494600010101006000600000FFED002C41646F62650064),
(19, 'Мёртвые души. Том 3', 6, 0xFFD8FFE000104A46494600010101006000600000FFED002C41646F62650064),
(20, 'Мёртвые души. Том 4', 6, 0xFFD8FFE000104A46494600010101006000600000FFED002C41646F62650064);

INSERT INTO BookAuthors (BookId, AuthorID)
VALUES
(1, 1),
(2, 2),
(3, 3),
(4, 4),
(5, 5),
(6, 6),
(7, 4),
(8, 3),
(9, 5),
(10, 6),
(11, 3),
(12, 3),
(13, 4),
(14, 4),
(15, 4),
(16, 4),
(17, 6),
(18, 6),
(19, 6),
(20, 6),
(1, 2),
(2, 2),
(3, 2),
(4, 4),
(5, 5),
(6, 6),
(7, 5),
(8, 3),
(9, 5),
(10, 6),
(11, 3),
(12, 3)